"","gene_name","fc","qval","pval","logfc","abs_fc"
"1","FAH",2.48488915631273,0.0979168703478483,0.00180143073634276,1.31318149878775,1.31318149878775
"2","CLTC",0.348328875273591,0.0979168703478483,0.0017964333635403,-1.52147802251597,1.52147802251597
"3","IGHV4-59",2.94967743412276,0.0979168703478483,0.00180191578165578,1.56055719527591,1.56055719527591
"4","SSFA2",2.30953448227008,0.0977042655259956,0.00178950212244167,1.20760208635957,1.20760208635957
"5","F12",4.08459555764142,0.0977042655259956,0.00178661380215339,2.03019323482836,2.03019323482836
"6","C9",5.34390322255384,0.0977042655259956,0.0017875542908139,2.41789388101446,2.41789388101446
"7","IGHV4-59",2.95511500154524,0.0976937670148265,0.0017829346238023,1.563214275557,1.563214275557
"8","IFIT3",2.05412683381508,0.096587259618866,0.00175725641074553,1.03852526484341,1.03852526484341
"9","ETS2",2.29248944854764,0.0960270384884214,0.00173650664172698,1.19691509366198,1.19691509366198
"10","MTSS1L",2.3596643238225,0.0960270384884214,0.00173998353477889,1.23858164229868,1.23858164229868
"11","IGLV3-21",5.54293536544512,0.0960270384884214,0.00173864662049539,2.47065018487629,2.47065018487629
"12","RNF181",0.475322361481431,0.0947243549107542,0.0017060768699666,-1.07302182024164,1.07302182024164
"13","SLC22A1",4.97022163928891,0.0945741335964782,0.00169925681612049,2.31331018795926,2.31331018795926
"14","PPP1R15A",2.20580955307684,0.0943660835543313,0.00169175787631248,1.14130823576504,1.14130823576504
"15","FRMD4B",2.07131266581017,0.0936989594730075,0.00166873372045773,1.05054534562341,1.05054534562341
"16","COPE",0.481933396147061,0.0936989594730075,0.00165442305767272,-1.05309431707912,1.05309431707912
"17","NR3C1",2.39549526341252,0.0936989594730075,0.00165673522213561,1.26032396084746,1.26032396084746
"18","IGHA1",5.65228010138037,0.0936989594730075,0.00165294843001818,2.49883296086993,2.49883296086993
"19","HAMP",6.23485214239665,0.0936989594730075,0.00166926493971098,2.64035534739088,2.64035534739088
"20","CYP3A4",16.2515112790759,0.0936989594730075,0.00166547694317742,4.02250198000986,4.02250198000986
"21","CYP2A7",2.59892788016759,0.0933204465860653,0.00163004260438115,1.37791659980927,1.37791659980927
"22","CDK5RAP3",0.318731992981486,0.0929819556919278,0.00162008497583821,-1.64958425682219,1.64958425682219
"23","IGHV1-69",2.44348421532677,0.0925969651266686,0.00160733442467331,1.28893978494336,1.28893978494336
"24","IGHV1-69",2.44188961141357,0.0914562719063684,0.00158156565225709,1.28799798301743,1.28799798301743
"25","ERP29",2.14362214832556,0.0901537366955849,0.00155140155757838,1.10005062744771,1.10005062744771
"26","MCFD2",2.4067409749882,0.0901537366955849,0.00155546692789366,1.26708088040458,1.26708088040458
"27","NDRG2",2.47108752268468,0.0898986972344826,0.0015448527541817,1.30514610994108,1.30514610994108
"28","IGLV4-69",2.5002873181284,0.08851638997134,0.00151147146366271,1.32209389033594,1.32209389033594
"29","PLOD3",0.349831683240485,0.08851638997134,0.00150997195898939,-1.51526713900691,1.51526713900691
"30","CETN2",0.490001547415074,0.0882444942414249,0.00150298962392403,-1.02914178965027,1.02914178965027
"31","FDPS",0.392155109026143,0.0877995985061488,0.0014877727146152,-1.35050369880674,1.35050369880674
"32","IGLV7-46",2.3335696380717,0.0877135523917297,0.00148342560012293,1.22253852065609,1.22253852065609
"33","TDO2",4.81166962844689,0.0877135523917297,0.00148440667712446,2.26653758977841,2.26653758977841
"34","MT1G",2.73970975733203,0.0876190564313393,0.00147899564497345,1.45402306331828,1.45402306331828
"35","COX8A",0.456812248330767,0.0871466368437618,0.00146722998601478,-1.13032676124187,1.13032676124187
"36","IGHG4",6.03476932483976,0.086434149758247,0.00145147401925882,2.59329862594797,2.59329862594797
"37","SMIM24",3.10454011594528,0.0860996592208422,0.00144398410465651,1.63437957389384,1.63437957389384
"38","UBE2J1",0.387709057763293,0.0858068279361129,0.00143534000441292,-1.36695365477495,1.36695365477495
"39","MT1L",2.6556014452098,0.0856921014582079,0.00142969289607686,1.40903864210468,1.40903864210468
"40","PHGDH",2.07208882537139,0.0854219314770073,0.00142214584864953,1.05108584915192,1.05108584915192
"41","LOC728290",2.1240726969663,0.0850386924391019,0.00141144182314634,1.08683314361758,1.08683314361758
"42","BCL3",2.20050293906132,0.0850386924391019,0.00141124561649453,1.13783329864287,1.13783329864287
"43","SDC3",2.30372691811916,0.0850386924391019,0.00141324199563808,1.20396971104021,1.20396971104021
"44","PPP1R3B",2.80891295069553,0.0850386924391019,0.00141096180716671,1.49001191547683,1.49001191547683
"45","GNG5P2",3.15335055061364,0.0844261753891958,0.00139388034282606,1.65688555997367,1.65688555997367
"46","MT1X",4.63591527244747,0.08413563431012,0.00138725334566847,2.21285419940373,2.21285419940373
"47","IGKV1-12",2.22481492240799,0.0833592716029691,0.00136538613758452,1.15368532635774,1.15368532635774
"48","IGKV1-12",2.22509552359992,0.083001514182488,0.00135410979806982,1.15386727246812,1.15386727246812
"49","ALG1L",0.403524987465461,0.0829460132350713,0.00134959579526306,-1.30927008265731,1.30927008265731
"50","ALG1L",0.482273843076437,0.082925523165998,0.0013474585792439,-1.05207552962944,1.05207552962944
"51","RN7SL674P",2.05942848455523,0.0827440188296209,0.00133730979705926,1.04224402823632,1.04224402823632
"52","C1R",2.99956218101657,0.0827440188296209,0.00133612899944002,1.58475193893072,1.58475193893072
"53","SLC25A47",3.19828651816692,0.0810237350013152,0.00129704776141404,1.67729918829375,1.67729918829375
"54","PHLDA1",2.25018133286442,0.0809802615651995,0.00129118880464829,1.17004126699032,1.17004126699032
"55","CCDC124",0.427127370494942,0.0809802615651995,0.00128965897459032,-1.22726174546242,1.22726174546242
"56","SLCO5A1",2.42215253414338,0.0809802615651995,0.00129094260064133,1.2762897210698,1.2762897210698
"57","CYP2A6",2.63161803038174,0.0809802615651995,0.00128591173255088,1.39595010242244,1.39595010242244
"58","FPR3",2.27027706626478,0.0806930879634385,0.0012680895054652,1.18286837581311,1.18286837581311
"59","CCL14",2.04966906655583,0.0805270278065861,0.00125844597581315,1.03539099530175,1.03539099530175
"60","LGMN",2.96173074211973,0.0801661106618674,0.00125030673767856,1.56644048780238,1.56644048780238
"61","LHPP",0.456102298230526,0.0795947178908999,0.0012379322912206,-1.13257065515118,1.13257065515118
"62","RPL3",2.06899240340254,0.0784811879338565,0.00121312251295103,1.0489283481493,1.0489283481493
"63","LOC101928626",2.07900586408671,0.0784811879338565,0.00121312251295103,1.05589382749733,1.05589382749733
"64","HNRNPH1",2.24982163900074,0.0784811879338565,0.00119695356325134,1.16981063222953,1.16981063222953
"65","IGLV1-50",2.60220015498296,0.0784811879338565,0.00120294446879854,1.37973193495947,1.37973193495947
"66","PNP",2.29134863718007,0.0781271318860819,0.00118791580066935,1.19619698673683,1.19619698673683
"67","GYS2",2.09263150575456,0.0780216278634676,0.00118461446638607,1.06531828788363,1.06531828788363
"68","HSD11B1",4.99834888634557,0.0778471752381625,0.00118027236450446,2.32145160551298,2.32145160551298
"69","KNG1",0.378814866316778,0.0767021372730486,0.00115261668343469,-1.40043514544157,1.40043514544157
"70","MAD2L2",0.405577817849299,0.0763772927627397,0.00113638885081602,-1.3019493452925,1.3019493452925
"71","MT2A",3.43416621451578,0.076110255138392,0.00113076012049773,1.7799598678358,1.7799598678358
"72","IGKV1D-16",2.36880923888595,0.076100524164283,0.00112896018185071,1.24416202247248,1.24416202247248
"73","MRC1",2.16769418855943,0.0749629072398187,0.00110719163873307,1.11616124019348,1.11616124019348
"74","BHMT",3.25045119839386,0.0748522760807613,0.00110180826288186,1.70063999398855,1.70063999398855
"75","GATM",2.41506070269116,0.0748157927042084,0.00109688167324973,1.27205945174051,1.27205945174051
"76","NSDHL",0.45380552416355,0.0736462058860238,0.00106773197649068,-1.13985392387876,1.13985392387876
"77","LOC102724999",3.73287125265262,0.0736462058860238,0.00106861805052305,1.9002857507083,1.9002857507083
"78","NDUFB9",0.410949237089276,0.0735193045558959,0.00105868310310631,-1.2829679003055,1.2829679003055
"79","SLC27A5",2.1525108899117,0.0730712637771454,0.00105064181146552,1.10602053647548,1.10602053647548
"80","DNAJB11",0.476198430319535,0.0725320126882426,0.00103949801315917,-1.07036522978931,1.07036522978931
"81","CYP39A1",3.3017105226566,0.0725320126882426,0.00104024359906041,1.72321363756341,1.72321363756341
"82","IGKV1D-33",3.69303637227982,0.0725320126882426,0.00104131054498913,1.88480747154686,1.88480747154686
"83","GPC3",0.127016212118267,0.0725320126882426,0.00103935489582585,-2.97691544316639,2.97691544316639
"84","IGLV3-10",2.30355380034,0.0723987191521891,0.00102993981104027,1.20386129300499,1.20386129300499
"85","CD82",2.40220362571386,0.0723987191521891,0.00102734999403831,1.26435844802787,1.26435844802787
"86","ZG16",3.57492158914864,0.0722464860708773,0.00102306757226445,1.8379115987618,1.8379115987618
"87","MS4A4A",2.0885513740823,0.0721546296006219,0.00101705820893594,1.06250263127767,1.06250263127767
"88","MYO1B",2.66861474278488,0.0719795850970487,0.00101302513612178,1.41609104441142,1.41609104441142
"89","NDUFS3",0.353509627176768,0.0717310162255109,0.00100796651182633,-1.5001785902033,1.5001785902033
"90","SHBG",2.77333310139918,0.0715300312928316,0.00100203036962898,1.47162090699247,1.47162090699247
"91","CYP1A2",2.71158513136424,0.071153598579876,0.000995209342357528,1.4391364650863,1.4391364650863
"92","ATF3",2.98916442682812,0.0708641939062271,0.000989620040193984,1.57974225842283,1.57974225842283
"93","IGHV4-34",2.08557314001135,0.0707004744074363,0.000980000803751269,1.06044390771091,1.06044390771091
"94","LOC102725003",2.27827343259739,0.0707004744074363,0.000982719984911506,1.18794090603597,1.18794090603597
"95","S100A6",2.98905049096583,0.0707004744074363,0.000978835409583656,1.57968726719024,1.57968726719024
"96","GLUD2",3.67397396775776,0.0707004744074363,0.000979998590114661,1.87734140415208,1.87734140415208
"97","CYP1A2",4.0100472897906,0.0707004744074363,0.000981217530396039,2.00361925023234,2.00361925023234
"98","JAK1",3.18393072752974,0.070645561448237,0.000972736456902767,1.67080894764774,1.67080894764774
"99","SMIM24",4.22103791509041,0.0706374178831558,0.000971087794791492,2.07759778823122,2.07759778823122
"100","CTC-505O3.2",3.46032117040069,0.0703412507242248,0.000964473973738222,1.79090594810497,1.79090594810497
"101","DTX1",2.2583828078624,0.0701467036078773,0.000958238272551704,1.17529005129926,1.17529005129926
"102","IGHV4-34",2.08343224447963,0.0697220466230258,0.000949314627419762,1.05896218276535,1.05896218276535
"103","ANGPTL6",2.41468293330555,0.0697220466230258,0.000945087136282829,1.27183376439086,1.27183376439086
"104","SOCS3",2.06924425169952,0.0685281151956917,0.000921166846757915,1.04910394965295,1.04910394965295
"105","HAMP",2.22591232928855,0.0682351544521255,0.000909113540958684,1.15439677121022,1.15439677121022
"106","COX6C",0.412399048901153,0.0682351544521255,0.000907094098723249,-1.27788708940533,1.27788708940533
"107","C5",2.3124616349415,0.0677171150320346,0.000896744112104497,1.20942943069326,1.20942943069326
"108","MDK",0.239665887541986,0.0677171150320346,0.000897061756166995,-2.06090351496261,2.06090351496261
"109","PRDX6",0.368222314583777,0.0671980605527674,0.00088243358961515,-1.44135103701033,1.44135103701033
"110","GC",3.97184977159024,0.0671980605527674,0.00088287715509161,1.98981105643112,1.98981105643112
"111","SYNPO",2.0292263503807,0.067050538276451,0.000878021927312789,1.02092979972162,1.02092979972162
"112","SORD",2.57973790685757,0.067050538276451,0.000876545687381158,1.3672244998795,1.3672244998795
"113","OLFML3",2.22057958088941,0.0663438961693416,0.000857373049548915,1.15093627537942,1.15093627537942
"114","DAP3",0.354818483284224,0.0663438961693416,0.000858666540954456,-1.49484693009636,1.49484693009636
"115","IGHG1",10.2889762872669,0.0663438961693416,0.000855813621829737,3.363027541769,3.363027541769
"116","THBS1",3.77676535238907,0.0663370854404797,0.000854249425318976,1.91715115299689,1.91715115299689
"117","IGKV1-39",4.00533479788977,0.0659820423309807,0.000848242126024745,2.00192283965464,2.00192283965464
"118","IGKV1D-42",4.43646385624516,0.0658657559872302,0.000842448980259536,2.14941021494033,2.14941021494033
"119","CYP2C8",2.6591753816336,0.0658377991699067,0.000840659273312783,1.41097893096355,1.41097893096355
"120","C1RL",2.34472683659303,0.0653792968315572,0.000829116202314406,1.22941985687807,1.22941985687807
"121","SLC2A4RG",0.273922350899511,0.0635612508178264,0.000801912587538922,-1.86816110625809,1.86816110625809
"122","EVI2B",2.32734577316914,0.063509300008425,0.000798494200923816,1.21868556750214,1.21868556750214
"123","IGKV3-7",2.8250999069152,0.0633606679045423,0.000793868979226842,1.49830188793932,1.49830188793932
"124","IGKV3-7",2.82502661783109,0.0632833425907797,0.000790515857455376,1.49826446088429,1.49826446088429
"125","FBP1",3.40452275652267,0.0632833425907797,0.000791523579346087,1.76745257648884,1.76745257648884
"126","NAPSB",2.28433039727572,0.0631652013654239,0.000787297928791175,1.19177133197841,1.19177133197841
"127","AK3",2.25105920052893,0.0626194910463074,0.000777771891313006,1.17060399867853,1.17060399867853
"128","NNMT",6.84938452492311,0.0620554833625855,0.000769416721410288,2.77597435555716,2.77597435555716
"129","COL15A1",0.315635402598272,0.0618932229773055,0.000765209424590907,-1.66366906352685,1.66366906352685
"130","IGHV2-5",2.34098490668535,0.0615418132302927,0.000756354399963355,1.22711563281798,1.22711563281798
"131","IGHV2-5",2.34098490668535,0.0615418132302927,0.000756354399963355,1.22711563281798,1.22711563281798
"132","NGFR",2.7563841899904,0.0607939085763986,0.00074451776143114,1.46277698759394,1.46277698759394
"133","SLC7A7",2.35151260659807,0.0604709886957747,0.000737957413226686,1.23358906659001,1.23358906659001
"134","SLC38A4",2.37601475997426,0.0604709886957747,0.00073924770832301,1.24854379829168,1.24854379829168
"135","DNASE1L3",2.19169677813178,0.0595475085513787,0.000721481820741277,1.13204821483799,1.13204821483799
"136","IGLL5",5.32761046411127,0.0573802846255405,0.000690230953578785,2.41348860154591,2.41348860154591
"137","BCAP31",0.342868194105824,0.0569105178281576,0.000682104222642366,-1.54427401486004,1.54427401486004
"138","SERPINA1",5.12304479727101,0.0567370793152312,0.000676322967561704,2.35700150715811,2.35700150715811
"139","SLC25A47",3.38578942315141,0.0562695534449069,0.000669308226870391,1.75949224859615,1.75949224859615
"140","HULC",0.25109957994527,0.0562695534449069,0.000669525923048031,-1.9936684797044,1.9936684797044
"141","RPL27A",0.228561192033774,0.0559465569381611,0.000659847124161228,-2.12934762927604,2.12934762927604
"142","DCN",4.74336102276871,0.0559465569381611,0.000662031823161047,2.24590967780738,2.24590967780738
"143","AQP3",2.39647941903363,0.0554425995202653,0.000652450324990506,1.26091655014439,1.26091655014439
"144","IFI30",0.465577908367648,0.0547110736006772,0.000640271417322813,-1.10290549077471,1.10290549077471
"145","IGHG3",2.41531333472691,0.0545139122033694,0.000635592468045898,1.27221035971685,1.27221035971685
"146","PGLYRP2",2.37548923963302,0.0543939140862261,0.000633010180895566,1.24822467171898,1.24822467171898
"147","IGHV4-34",2.98561343970629,0.0543841394217776,0.00063171344407964,1.5780273855929,1.5780273855929
"148","MT2A",6.10094513075101,0.0541860412147226,0.000628233706766013,2.6090327557617,2.6090327557617
"149","GADD45B",2.1782851892385,0.054026248605435,0.000624844450368478,1.12319284944748,1.12319284944748
"150","PLVAP",0.256989119986057,0.0538795189781541,0.000619991854595048,-1.9602208128006,1.9602208128006
"151","RPS14",3.37963602101307,0.053665651402517,0.00061519616917094,1.75686787995272,1.75686787995272
"152","MRPL28",0.342786082129264,0.0531080658661047,0.000607369541520741,-1.54461956084744,1.54461956084744
"153","IGKV2D-28",4.44018009326161,0.0531080658661047,0.000607649061288851,2.15061819332903,2.15061819332903
"154","ZFAND2B",0.372619310198295,0.052817680975182,0.00060202873120585,-1.42422565408756,1.42422565408756
"155","CYP4F22",0.470989788801146,0.0526821624927571,0.00059843295757922,-1.08623231276829,1.08623231276829
"156","LAD1",2.28695525710994,0.0526821624927571,0.000599338096748281,1.19342814057379,1.19342814057379
"157","IFI30",0.439013287825585,0.0525252623362853,0.000594125476700347,-1.18766348772364,1.18766348772364
"158","MT1F",2.36114195367598,0.0525252623362853,0.000593483568670505,1.23948478011294,1.23948478011294
"159","AZGP1P1",2.93256410738468,0.0516657860884785,0.000581032180626107,1.55216264666642,1.55216264666642
"160","NDUFA4L2",0.400374697439028,0.051603957464944,0.000578884543730562,-1.32057729212375,1.32057729212375
"161","MT2A",6.10526262280307,0.051603957464944,0.000579214348993107,2.61005335523995,2.61005335523995
"162","IGLC3",9.98120936901269,0.0515924488560208,0.000574596141440065,3.31921462968798,3.31921462968798
"163","C1R",2.68964946350569,0.0512532197723446,0.000569703195503091,1.42741816154952,1.42741816154952
"164","IGKV2D-30",2.421256858194,0.0509219164455463,0.000564043814850645,1.27575613525846,1.27575613525846
"165","ALDH4A1",2.48358189164069,0.0509219164455463,0.000564912933681994,1.31242231783055,1.31242231783055
"166","RGS2",2.40798996489529,0.0502773657099175,0.000553387867598065,1.26782937979447,1.26782937979447
"167","IGLV1-47",5.20996833660278,0.050229006050379,0.000551762987371474,2.38127460460264,2.38127460460264
"168","ESM1",0.354825119147383,0.0494120541250882,0.000541692864146626,-1.49481994887131,1.49481994887131
"169","HBB",2.44121836874446,0.0472210131396678,0.000509475822615402,1.28760135100356,1.28760135100356
"170","MAT1A",3.06927417181109,0.0472210131396678,0.00050907553483559,1.61789752447661,1.61789752447661
"171","MCFD2",2.72569686036516,0.0470866248713919,0.000504231346129647,1.44662512106962,1.44662512106962
"172","RPA3",0.4324934129044,0.0462773429577584,0.000492574112539446,-1.20924993495309,1.20924993495309
"173","AK3",2.39178303232396,0.0462773429577584,0.000493254547317967,1.25808652315334,1.25808652315334
"174","FOS",3.10208881136163,0.0458542569784611,0.000481762945284014,1.6332399906541,1.6332399906541
"175","NDRG2",2.34522752939245,0.0453152432428635,0.000469820784879338,1.22972789698469,1.22972789698469
"176","LY6E",3.93778948611982,0.0453152432428635,0.000470355590048488,1.97738598695076,1.97738598695076
"177","IGLV2-18",2.11518855335029,0.0452270253268909,0.000465160885785409,1.08078627462586,1.08078627462586
"178","IGLV3-21",5.50695293232058,0.0452270253268909,0.000466099056498304,2.46125427789176,2.46125427789176
"179","RPL18",2.17353610932838,0.0443799639843639,0.00045274472286394,1.12004406355538,1.12004406355538
"180","CRELD2",0.428587225169162,0.0443799639843639,0.000451875411956348,-1.22233924641226,1.22233924641226
"181","IGKV1-39",4.27903965105579,0.0443799639843639,0.000452758268264741,2.09728704753268,2.09728704753268
"182","IGKV2-30",2.47023520575673,0.0442460691594341,0.000443692636441728,1.30464841590853,1.30464841590853
"183","CXCR4",3.03233824127914,0.0441283396675764,0.000441552167560366,1.60043068747975,1.60043068747975
"184","IGLV3-19",4.36795226811892,0.0441148886593136,0.00043949836870194,2.12695709093625,2.12695709093625
"185","IGKV2-30",2.47194119651433,0.0440563274277379,0.0004379566178212,1.30564442426729,1.30564442426729
"186","CCL2",2.42846447750216,0.0438793483624685,0.000433068346204823,1.28004438341484,1.28004438341484
"187","MT2A",6.12491858227769,0.0438793483624685,0.000433964283166888,2.61469066669073,2.61469066669073
"188","DUSP6",3.17990179499877,0.0426306138544885,0.000417292617996168,1.66898221140397,1.66898221140397
"189","PGLYRP2",2.51905571125114,0.0426193568075283,0.000416255355576878,1.33288302896257,1.33288302896257
"190","IGHG3",2.40510703059973,0.0418595075774972,0.000407923505497232,1.26610109735483,1.26610109735483
"191","SLC25A47",2.83589190156129,0.0414098863012285,0.000402641154978012,1.50380254102111,1.50380254102111
"192","RBP7",0.445281815782411,0.040329232469699,0.000388624597234766,-1.16720939803177,1.16720939803177
"193","DYNLRB1",0.427050635870033,0.0402338447173186,0.000386715221927569,-1.22752095293977,1.22752095293977
"194","MT2A",4.60484862194484,0.0402338447173186,0.000385608289458217,2.20315373048401,2.20315373048401
"195","FAH",2.0324972894581,0.0398987091523093,0.000379268596092386,1.02325342832098,1.02325342832098
"196","KLF10",2.73399787723416,0.0390252541182767,0.000368419043925261,1.45101212278855,1.45101212278855
"197","GPD1",3.01371181331493,0.0382084316267137,0.000359045559530591,1.59154146558219,1.59154146558219
"198","IGHV3-33",2.48832042427724,0.0378340233478375,0.000352627803572814,1.31517227515928,1.31517227515928
"199","SLC39A5",2.75767097858225,0.0378340233478375,0.000353048005462764,1.4634503372421,1.4634503372421
"200","IGLV3-25",3.33122679961584,0.0378340233478375,0.000353058296707176,1.73605358023332,1.73605358023332
"201","FKBP11",0.402250990482636,0.0377873130743008,0.000349334552696812,-1.31383212151446,1.31383212151446
"202","IGKV2-24",2.08612735589398,0.0374297873676735,0.000344499151755162,1.06082723557011,1.06082723557011
"203","IGLV2-8",3.64103177088791,0.0374297873676735,0.000345215127553589,1.86434732949499,1.86434732949499
"204","CYP1A2",2.52245633762614,0.037016837716331,0.000339796082752364,1.33482929726606,1.33482929726606
"205","SSB",2.43255655540286,0.0368370483193799,0.000337136982770603,1.28247334714441,1.28247334714441
"206","IGKV1D-8",2.56376191181162,0.0368370483193799,0.000337344412739471,1.35826228980474,1.35826228980474
"207","IGKV2-24",2.08907261041139,0.0367474701203831,0.000334925388941976,1.06286263738344,1.06286263738344
"208","SFRP5",2.01842975919305,0.0367389448203034,0.000333546386057204,1.01323338229671,1.01323338229671
"209","MT1F",3.42544412094394,0.0367389448203034,0.000334048528123354,1.77629105071406,1.77629105071406
"210","ACOX2",0.284573912752732,0.0364621637289336,0.000329945621492134,-1.81312468062409,1.81312468062409
"211","IGHV3-30",3.05622209730687,0.0361594134724281,0.000326419485579432,1.61174938860941,1.61174938860941
"212","APOLD1",0.418687399488913,0.0355407218163686,0.000319288221312108,-1.2560545944552,1.2560545944552
"213","MT2A",3.49793500310412,0.035234132612079,0.000315767480992268,1.80650348206387,1.80650348206387
"214","IGLV2-33",2.18814750051738,0.0348917050715492,0.000311939675985529,1.12970999182907,1.12970999182907
"215","MT1E",5.10967787969316,0.0348917050715492,0.000311912876391096,2.35323234477988,2.35323234477988
"216","RGN",2.16309501266272,0.0344933464271138,0.000305377012003727,1.11309703621382,1.11309703621382
"217","SLC39A5",2.00157225313247,0.0332798493781554,0.000291737999203789,1.00113369534297,1.00113369534297
"218","ZFP36",3.60229132205128,0.0328241548007507,0.000287029283692286,1.84891485861331,1.84891485861331
"219","MEA1",0.467301016118383,0.0322787419282358,0.000278047111363033,-1.09757592062632,1.09757592062632
"220","ATP5J2",0.435629403087847,0.0322293950152773,0.000276920974311201,-1.19882676191285,1.19882676191285
"221","IGKV1D-39",5.45575178330993,0.0321957145491685,0.000275931252335604,2.44777800852377,2.44777800852377
"222","IGKV1D-12",2.7473161294953,0.0313133772641699,0.000264963537713436,1.45802292869335,1.45802292869335
"223","EBNA1BP2",0.458671993942706,0.0312999272595811,0.000264168880551585,-1.1244652743074,1.1244652743074
"224","PPIB",0.404487726680409,0.0303405476135254,0.000252111920046261,-1.30583216707993,1.30583216707993
"225","SELENBP1",0.232735841820648,0.0299892171403203,0.000248540236023276,-2.10323468889242,2.10323468889242
"226","TACSTD2",2.07118190769524,0.029547170561588,0.000242305823147104,1.05045426809479,1.05045426809479
"227","IGKV3-11",5.23818396757682,0.0292850978260842,0.000239202787428727,2.38906672873205,2.38906672873205
"228","IGKV3-11",5.23855114797553,0.0292850978260842,0.000239519637662222,2.38916785362157,2.38916785362157
"229","IGLL5",2.76191164679152,0.0283956565838313,0.000229774302818786,1.46566716870005,1.46566716870005
"230","VKORC1",2.19343750643879,0.0282844688699817,0.000228259330696146,1.13319360289911,1.13319360289911
"231","SLC25A47",2.95145434033714,0.028275981976303,0.000227575770713306,1.56142602314116,1.56142602314116
"232","CYP2C8",3.1390042329815,0.0277378768512544,0.000222382828819145,1.65030697441136,1.65030697441136
"233","NAT2",3.59066006384661,0.0277378768512544,0.000222641533066059,1.84424907616693,1.84424907616693
"234","SLC6A1",4.61113959470503,0.0276225258344375,0.000220513942861711,2.20512334164232,2.20512334164232
"235","IGKV3-11",4.8921655597427,0.0274348363701763,0.000218418822576449,2.29047322810449,2.29047322810449
"236","IGKV3-11",4.89323463677505,0.0274348363701763,0.000218231527737478,2.2907884634772,2.2907884634772
"237","PHGDH",4.20829080036394,0.0269924631153685,0.000213135476178516,2.07323440086293,2.07323440086293
"238","NDUFA2",0.314012778273991,0.0259990987257426,0.000203029592850901,-1.67110482628824,1.67110482628824
"239","SLC2A3",2.40109248425219,0.025897668515738,0.000201674178383238,1.26369097374839,1.26369097374839
"240","IGKV3D-11",4.56033172409084,0.0252441729137609,0.000194937818332575,2.18913877160367,2.18913877160367
"241","COLEC11",2.68547717354933,0.0249327305312787,0.000191565787057479,1.42517845869429,1.42517845869429
"242","CYP1A2",2.59763439003418,0.0247521938180292,0.000189091157498655,1.37719838967633,1.37719838967633
"243","JCHAIN",7.97855036193549,0.0247521938180292,0.000189523453927309,2.99612664423845,2.99612664423845
"244","GNMT",4.55092440091356,0.0246947751960172,0.000188009469211825,2.18615962073085,2.18615962073085
"245","RNA5-8S5",4.35347891838601,0.0245344382146331,0.00018483382140877,2.1221687371428,2.1221687371428
"246","IGHG1",21.7314628099646,0.0245344382146331,0.000185187724277336,4.44171338480701,4.44171338480701
"247","TM7SF2",0.406716704112144,0.0244458405215118,0.000182681688678743,-1.29790385047319,1.29790385047319
"248","MT2A",2.7321823978697,0.0244458405215118,0.000183361150500772,1.4500537997767,1.4500537997767
"249","IGLV2-23",5.99158378216043,0.0244458405215118,0.000183455472459793,2.58293740746335,2.58293740746335
"250","IGKV1-5",5.37237085323939,0.0242864744857606,0.000180146345593934,2.42555889703314,2.42555889703314
"251","PLOD3",0.4608727204081,0.0242114701986903,0.000179063340023378,-1.11755971948161,1.11755971948161
"252","IGLV2-14",4.80018847742778,0.024051403971494,0.000177356346174551,2.26309105377379,2.26309105377379
"253","IGLV1-44",6.16759487653282,0.024051403971494,0.000176879066465352,2.62470800377235,2.62470800377235
"254","CYP4A11",2.51201428799035,0.0236242378641507,0.000172664750769047,1.32884467010303,1.32884467010303
"255","PRODH2",2.41678437486523,0.0235495966208916,0.000171606953536907,1.27308876181284,1.27308876181284
"256","DRAP1",0.433073210961045,0.0234740548815529,0.000170035244835054,-1.20731716193924,1.20731716193924
"257","HULC",0.382735449441492,0.0234740548815529,0.000169778984571156,-1.38558056345264,1.38558056345264
"258","IDH1",2.06043903626581,0.0233877981154149,0.000167884220353409,1.04295177816433,1.04295177816433
"259","IGLV2-11",5.15933653513919,0.0232567433415351,0.000166037190858281,2.36718555421326,2.36718555421326
"260","IGLL5",6.72538644201697,0.0232567433415351,0.000166437582862722,2.7496171675895,2.7496171675895
"261","DHRS4-AS1",2.00106009749777,0.0229390341299062,0.000163165930576858,1.00076449610924,1.00076449610924
"262","IGKV1-5",5.48502609615799,0.022358504594237,0.000158063908316519,2.45549848456797,2.45549848456797
"263","MT2A",3.61407296193655,0.0220348500503098,0.000155296515624737,1.8536256320358,1.8536256320358
"264","HSD11B1",4.68770769431373,0.021635305853501,0.000151068763137863,2.22888261218514,2.22888261218514
"265","IGLC6",4.46564462231352,0.0211751213712678,0.0001473949107893,2.15886844551196,2.15886844551196
"266","THBS1",2.09109839237717,0.0211305226073889,0.000146618738941617,1.06426094660227,1.06426094660227
"267","C8A",2.70866716018067,0.0211305226073889,0.00014662483058725,1.43758312670416,1.43758312670416
"268","PPIB",0.368505238027456,0.0211305226073889,0.00014655455380419,-1.44024296858594,1.44024296858594
"269","SRGN",2.7518801726393,0.0211305226073889,0.00014590685088367,1.46041765096196,1.46041765096196
"270","ATP6V1F",0.296166863071015,0.0208698175411996,0.000142999924420906,-1.75551786262473,1.75551786262473
"271","HBA2",2.2269212081202,0.0205988274932956,0.000140695028123528,1.15505051427066,1.15505051427066
"272","MT1X",7.24960382851479,0.0205556745720977,0.000139913320614027,2.85790215785119,2.85790215785119
"273","KRT19",2.3341995067827,0.0203194766951669,0.000137461003484662,1.2229278751606,1.2229278751606
"274","CYP1A2",2.79508832645653,0.0198105730350957,0.000133587349710251,1.48289387381172,1.48289387381172
"275","MT1G",2.00151400766082,0.0196994874822197,0.000130273882718246,1.00109171250891,1.00109171250891
"276","PRODH2",2.14351894559877,0.0196994874822197,0.000131119181507211,1.09998116854308,1.09998116854308
"277","IGLV6-57",3.07895660288942,0.0196994874822197,0.000132409763160313,1.6224415331062,1.6224415331062
"278","NUDC",3.13474538568168,0.0196994874822197,0.000128691480913101,1.64834826735526,1.64834826735526
"279","NDRG2",3.36881743835037,0.0196994874822197,0.000131183863574025,1.7522422486072,1.7522422486072
"280","DPT",4.13585280204908,0.0196994874822197,0.0001320785359471,2.04818484002112,2.04818484002112
"281","IGKV3-15",5.17047359429111,0.0196994874822197,0.000132301389730083,2.37029643157361,2.37029643157361
"282","IGKV3-15",5.17216651451054,0.0196994874822197,0.000132039240398507,2.37076872251699,2.37076872251699
"283","IGKV3-20",6.97384040329557,0.0196994874822197,0.000127972425717937,2.80195334834051,2.80195334834051
"284","IGKV3-20",6.97440894394173,0.0196994874822197,0.000127897330850058,2.80207095890952,2.80207095890952
"285","IGHG1",21.3046031038084,0.0196994874822197,0.000130894477954779,4.41309326982518,4.41309326982518
"286","NKAP",0.40918507591186,0.0189319369101747,0.000121188768545721,-1.28917456784075,1.28917456784075
"287","MT2A",6.50281746950092,0.0184865218702151,0.000117822824936331,2.70106492869257,2.70106492869257
"288","AGTR1",2.95990809614865,0.0183589330166859,0.000116592655447501,1.56555238149984,1.56555238149984
"289","IGLL5",6.15074890654782,0.0181846521213682,0.000113921078285784,2.62076208166867,2.62076208166867
"290","CYP4A22",3.39411121000232,0.0179327582532118,0.000111952963079087,1.76303383638627,1.76303383638627
"291","HMOX1",2.22804422177565,0.0174108661013908,0.000108316099038497,1.15577786728445,1.15577786728445
"292","FOS",2.27901578740016,0.0169651049501966,0.000105173908266032,1.18841091860278,1.18841091860278
"293","HCLS1",2.18653789924232,0.0166760637207866,0.000103019274704241,1.12864835485639,1.12864835485639
"294","IGKV4-1",8.36123996937049,0.0166698321453895,0.000102022000792901,3.06371690941245,3.06371690941245
"295","IGKV3D-20",6.10279547955321,0.0166061103594891,0.000101142236593077,2.60947024278253,2.60947024278253
"296","CHST4",2.21987908977605,0.0163754583696325,9.93812078031731e-05,1.15048109939929,1.15048109939929
"297","C1QC",3.7451783542145,0.0163149537010214,9.7949343545678e-05,1.90503442485594,1.90503442485594
"298","LY6E",2.34952292019488,0.0160277251075951,9.55334364545202e-05,1.23236784166548,1.23236784166548
"299","CD163",2.3671298858724,0.0160277251075951,9.56078034644037e-05,1.24313886980844,1.24313886980844
"300","C8orf4",4.45456571696353,0.0160277251075951,9.58762813144665e-05,2.15528478785872,2.15528478785872
"301","IGKV1D-17",2.28669356290936,0.0157421177446168,9.2973694603482e-05,1.19326304485233,1.19326304485233
"302","MIR650",3.1385597431214,0.0157421177446168,9.31405208939307e-05,1.65010267117514,1.65010267117514
"303","IGKV3D-15",4.73999495908847,0.0156012860796962,9.16285400138772e-05,2.24488552484043,2.24488552484043
"304","SERPINE1",2.74484886177615,0.01532418365044,8.94675041637205e-05,1.45672671303047,1.45672671303047
"305","IGHA2",4.41095542186764,0.015290520609146,8.84729505358228e-05,2.14109118029513,2.14109118029513
"306","LOC107985919",6.91531623751007,0.015284157087298,8.81036637112587e-05,2.7897952273491,2.7897952273491
"307","PSMB5",0.431534326484451,0.014981236589118,8.57057605267997e-05,-1.21245277145256,1.21245277145256
"308","CFTR",2.10162471797026,0.0149725669517354,8.5330473796108e-05,1.0715050737434,1.0715050737434
"309","RBP7",0.483596910629943,0.0144368332171694,8.19632269573045e-05,-1.04812306666322,1.04812306666322
"310","CD69",2.15173106688748,0.0143546396403267,8.11843362586995e-05,1.10549777458922,1.10549777458922
"311","CYP2A7",2.78408799146295,0.0143546396403267,8.1131100085452e-05,1.47720480847154,1.47720480847154
"312","GPR183",2.35345779572584,0.0134568631963507,7.49359822993512e-05,1.23478198158337,1.23478198158337
"313","RGS1",2.80004694751932,0.0134568631963507,7.48904450145194e-05,1.48545101659363,1.48545101659363
"314","FNDC4",3.30454050208199,0.0134251050145249,7.4175077736216e-05,1.72444967825193,1.72444967825193
"315","FGL2",2.33012392738169,0.0133730100851074,7.35963532483286e-05,1.2204066864952,1.2204066864952
"316","HSD11B1",4.18635224330395,0.0132949940957518,7.28778063197044e-05,2.06569370631122,2.06569370631122
"317","HAMP",4.07346343076955,0.013179552744222,7.19583167754223e-05,2.02625595655578,2.02625595655578
"318","VNN1",5.72164698447028,0.0131153373733959,7.12268240005143e-05,2.51643048866686,2.51643048866686
"319","COLEC11",3.2045613124982,0.0130611711446013,7.01755258138981e-05,1.6801268730371,1.6801268730371
"320","IGKV3-15",5.62021194246347,0.0127773545044733,6.82374256650853e-05,2.49062453659843,2.49062453659843
"321","IGKV3-15",5.62026950453323,0.0127773545044733,6.83726878991653e-05,2.49063931256919,2.49063931256919
"322","CCL14",2.07276921135115,0.012754713556535,6.7696643778703e-05,1.05155949118212,1.05155949118212
"323","CYP1A1",2.12921446341502,0.012754713556535,6.71570483897765e-05,1.09032127140715,1.09032127140715
"324","SERPINE1",5.33830926774284,0.012754713556535,6.74465133715385e-05,2.41638288849117,2.41638288849117
"325","MT1X",3.85696864622946,0.012737117333833,6.67720629394797e-05,1.94746741816965,1.94746741816965
"326","CYP26A1",2.30419793809977,0.0122970934633364,6.39303345022491e-05,1.20426465430155,1.20426465430155
"327","MT1G",4.73334418402187,0.0122619872553026,6.34810964665888e-05,2.24285983112502,2.24285983112502
"328","SERPINA1",14.2264227286035,0.0122619872553026,6.32822367112595e-05,3.83050103289289,3.83050103289289
"329","CCL2",4.27724316686572,0.0121512855816573,6.23793482396051e-05,2.09668122864491,2.09668122864491
"330","SERPINE1",6.09329559551762,0.01123846812679,5.74488821412089e-05,2.60722272949739,2.60722272949739
"331","CYP1A2",5.72032516379967,0.0111580062987845,5.67948636978066e-05,2.51609715729527,2.51609715729527
"332","LOC107987279",3.45107016424357,0.0111292146533946,5.64062258383569e-05,1.78704380572858,1.78704380572858
"333","MT2P1",5.57986010428836,0.0110423524767531,5.54855873603488e-05,2.48022895191477,2.48022895191477
"334","MT2P1",5.58132715035117,0.0110423524767531,5.54330235127409e-05,2.4806082126589,2.4806082126589
"335","MT1G",9.31283834453007,0.0110423524767531,5.51218295036238e-05,3.21922093593689,3.21922093593689
"336","CETP",2.14058449702573,0.0108320743166565,5.34864889472075e-05,1.09800478532879,1.09800478532879
"337","CYP1A1",2.18167164035358,0.0107482227452073,5.28386483167331e-05,1.12543398045101,1.12543398045101
"338","PHGDH",4.98859490032434,0.0106529378678766,5.21384977871797e-05,2.31863351981295,2.31863351981295
"339","PPIB",0.334906695093459,0.0105333785028003,5.1324214405013e-05,-1.57816887775111,1.57816887775111
"340","SHBG",3.73314152113067,0.0104630823565829,5.05943623856364e-05,1.90039020137158,1.90039020137158
"341","IGHG1",31.3580555781226,0.0104630823565829,5.07540973966325e-05,4.97076419978788,4.97076419978788
"342","IGKV3D-11",5.6909641739607,0.0104496922497251,5.00072282028086e-05,2.50867309737392,2.50867309737392
"343","POLR1E",2.02624694347526,0.0103445901567966,4.92068353457054e-05,1.01881000948796,1.01881000948796
"344","TMEM45A",2.31233387338409,0.0103445901567966,4.80451613404931e-05,1.20934972080555,1.20934972080555
"345","IGFALS",2.43211588237436,0.0103445901567966,4.89647702406337e-05,1.28221197012356,1.28221197012356
"346","PLAC8",2.89413297003255,0.0103445901567966,4.86190324582303e-05,1.53313120756403,1.53313120756403
"347","ST6GAL1",2.96739551879911,0.0103445901567966,4.80862824407957e-05,1.56919723385572,1.56919723385572
"348","IGHA2",5.60470703153561,0.0103445901567966,4.92792405015763e-05,2.48663896264761,2.48663896264761
"349","IGHG1",30.6873565760398,0.0103142954640875,4.73400405229807e-05,4.93957247158493,4.93957247158493
"350","LYVE1",2.32001454637336,0.00992891622594704,4.5355268586289e-05,1.21413385100583,1.21413385100583
"351","AKT1S1",0.447200393958297,0.00985283883793377,4.45791020249331e-05,-1.16100663577283,1.16100663577283
"352","IGLV3-25",4.26846113511634,0.00955197341244465,4.22639215892362e-05,2.09371604340888,2.09371604340888
"353","IL1B",2.19285287386897,0.00938881878341878,4.12542720406028e-05,1.13280901982727,1.13280901982727
"354","IGKV3D-20",9.67102393170933,0.00883289754243162,3.8427292884502e-05,3.27366864492396,3.27366864492396
"355","BCHE",2.14593787804185,0.00881846440299712,3.79808568649054e-05,1.10160831265633,1.10160831265633
"356","SLC39A5",3.11236411110062,0.00878452277252407,3.76435871005665e-05,1.63801084906153,1.63801084906153
"357","RASGEF1B",2.97819472519817,0.00811515336980072,3.42456224167176e-05,1.57443808565052,1.57443808565052
"358","IGLC2",14.1027250985534,0.00811515336980072,3.40702348158306e-05,3.81790205937667,3.81790205937667
"359","KCNN2",2.37728152493263,0.00802664583417027,3.35229270025383e-05,1.24931276174657,1.24931276174657
"360","SERPINE1",3.4015126842462,0.00795804240641394,3.30633015667159e-05,1.76617646893198,1.76617646893198
"361","JUN",2.72539333710463,0.00790464655055849,3.26695128470833e-05,1.44646445907822,1.44646445907822
"362","CH507-513H4.5",3.83823144324909,0.00727966942030607,2.9769813169267e-05,1.94044170787526,1.94044170787526
"363","TIMM44",0.325089754008539,0.00718985560018376,2.92461280178014e-05,-1.62109000817318,1.62109000817318
"364","BCAT2",0.483738781051396,0.00716011898429633,2.89694190176437e-05,-1.04769989246071,1.04769989246071
"365","CYP4A22",2.51952433992503,0.00711572772018668,2.83293284119024e-05,1.33315139356487,1.33315139356487
"366","ITIH4",4.66877178610643,0.00711572772018668,2.83485395105032e-05,2.2230430700324,2.2230430700324
"367","IGHA2",5.85205528576918,0.00711572772018668,2.86163364064951e-05,2.54894339902668,2.54894339902668
"368","MT1E",12.8173346360632,0.00711572772018668,2.86350306324401e-05,3.68002437968943,3.68002437968943
"369","IGHA2",6.48105186423656,0.00704364007331355,2.77320728545583e-05,2.69622797918485,2.69622797918485
"370","AADAT",2.6243759457103,0.00658438635973841,2.56374566778295e-05,1.39197440294457,1.39197440294457
"371","IGKV3-20",11.1845113155121,0.00658438635973841,2.55657611980542e-05,3.48343031703412,3.48343031703412
"372","IGKV3-20",11.1845140330262,0.00658438635973841,2.55656914145419e-05,3.48343066756742,3.48343066756742
"373","EMILIN1",2.04342856892603,0.00652680797661207,2.44352742135856e-05,1.03099181269679,1.03099181269679
"374","AVPR1A",2.13082721337617,0.00652680797661207,2.49873445550275e-05,1.09141361118166,1.09141361118166
"375","RNA18S5",3.88338761209038,0.00652680797661207,2.48255797853369e-05,1.95731571397615,1.95731571397615
"376","TTC36",6.67681978818204,0.00652680797661207,2.4409192246555e-05,2.73916110145529,2.73916110145529
"377","IGLJ3",7.85333413449484,0.00652680797661207,2.47253969579697e-05,2.97330528051179,2.97330528051179
"378","IGHA1",11.8411651064548,0.00652680797661207,2.49698136416399e-05,3.56573913620949,3.56573913620949
"379","FAM180A",2.08479336554253,0.00650973610924473,2.40149914642052e-05,1.05990439792404,1.05990439792404
"380","ITIH4",2.18040897987528,0.00650973610924473,2.4072373152606e-05,1.12459876706554,1.12459876706554
"381","IGKV3D-15",6.6703307069006,0.00627513081429612,2.23858316702463e-05,2.73775829025215,2.73775829025215
"382","ATP6V1C1",2.01216875062477,0.0062266378202035,2.20773941680408e-05,1.00875130190313,1.00875130190313
"383","PPIB",0.291102592751305,0.00616972503264066,2.17413959646695e-05,-1.78040040577779,1.78040040577779
"384","MT1G",10.1984042663792,0.00614681644088913,2.15269609106228e-05,3.35027152776257,3.35027152776257
"385","CCL3",2.47757548556728,0.00613624067902741,2.13564454155657e-05,1.3089290134136,1.3089290134136
"386","MT1E",7.20889473021815,0.00573661854868572,1.97160386907758e-05,2.84977808200887,2.84977808200887
"387","NDUFA2",0.210921408077525,0.00573500742633823,1.95857514559972e-05,-2.2452225618239,2.2452225618239
"388","ALB",893.257480315869,0.00573395583290579,1.94574330012465e-05,9.80293228005118,9.80293228005118
"389","FOS",3.3504732799272,0.00572356521440636,1.92976726753891e-05,1.74436490165292,1.74436490165292
"390","GUK1",3.15616242463162,0.00564727078007522,1.89026619907828e-05,1.65817145224011,1.65817145224011
"391","LOC105376156",5.4880877045473,0.00564727078007522,1.8917595495771e-05,2.45630353725132,2.45630353725132
"392","HAMP",3.4269362817735,0.00563401808052048,1.85457192325433e-05,1.77691936757229,1.77691936757229
"393","PTGIS",2.4335533482805,0.00543897430440182,1.7746588046208e-05,1.28306440167871,1.28306440167871
"394","TRPV4",2.04261401130961,0.00540003172158031,1.75020605263088e-05,1.03041660662577,1.03041660662577
"395","IGKV3D-7",2.63196497984945,0.00527009885961769,1.69662975555429e-05,1.39614029312572,1.39614029312572
"396","CYP4A11",2.56312413817252,0.00523855378858023,1.67507919368592e-05,1.35790335345932,1.35790335345932
"397","LOC107987279",3.79143017357101,0.00515935721250996,1.62730965764801e-05,1.9227421531768,1.9227421531768
"398","CYP4A11",2.28413281886606,0.00467295630549663,1.46372946139284e-05,1.19164654367281,1.19164654367281
"399","C5AR1",2.80740504419752,0.00464371183918213,1.4444679217851e-05,1.48923722669281,1.48923722669281
"400","SLC25A1",0.346629861797781,0.00452854368054371,1.39034299500018e-05,-1.52853214837599,1.52853214837599
"401","SERPINE1",3.09175309090562,0.00452854368054371,1.398793184193e-05,1.62842510944731,1.62842510944731
"402","JUNB",2.73321149155665,0.00451867532589077,1.36625743996088e-05,1.45059709762727,1.45059709762727
"403","JUN",3.69752851983385,0.00451867532589077,1.3576415413219e-05,1.88656127518484,1.88656127518484
"404","NF2",0.455441026776195,0.00443042355175778,1.3202993704664e-05,-1.13466383753544,1.13466383753544
"405","LINC01093",2.76988615488411,0.00443042355175778,1.31564647831706e-05,1.46982668127108,1.46982668127108
"406","CCL3",2.5427045862758,0.00441389829187709,1.2961721687188e-05,1.34636385814613,1.34636385814613
"407","DNASE1L3",2.52204918345848,0.00420097484244997,1.22450758915926e-05,1.33459641049554,1.33459641049554
"408","CYR61",4.56798090209906,0.00417220703054365,1.20704675685701e-05,2.19155661906665,2.19155661906665
"409","GYS2",3.57652456655286,0.0041392742116222,1.18851517431073e-05,1.83855835119203,1.83855835119203
"410","CYP1A2",9.61360561036162,0.00404018027122583,1.13369715258882e-05,3.26507761940608,3.26507761940608
"411","GNMT",2.00106211563329,0.00386399141445907,1.07585247770547e-05,1.00076595111433,1.00076595111433
"412","CYP26A1",2.01656805931798,0.00384826343543571,1.0631024456198e-05,1.01190209762754,1.01190209762754
"413","SFRP5",4.10405733566422,0.00379082263322334,1.03898819234782e-05,2.03705088623264,2.03705088623264
"414","CCL4",2.83145129031861,0.00372815900457251,1.01370372307397e-05,1.50154171124162,1.50154171124162
"415","MT1E",7.84530525843649,0.00372313266614817,1.00423834203944e-05,2.97182958310983,2.97182958310983
"416","LOC107985462",3.25640050380322,0.00368148632351084,9.84996993369514e-06,1.70327814718318,1.70327814718318
"417","TRIB1",2.0263895388547,0.00356154207376389,9.45158211518304e-06,1.0189115343337,1.0189115343337
"418","CYP26A1",2.40213307338751,0.0034957948360231,9.20106097535012e-06,1.26431607568899,1.26431607568899
"419","FOS",4.62468318457558,0.00328561329704542,8.57638553131146e-06,2.20935453672146,2.20935453672146
"420","CCL4",2.60903683751767,0.00313964770037413,8.05878423049133e-06,1.38351731400162,1.38351731400162
"421","IL1RAP",3.4974970718202,0.00311799825784903,7.93539102428298e-06,1.80632284953521,1.80632284953521
"422","MT1G",14.558911649212,0.00298365846392858,7.52859092090219e-06,3.86383060585174,3.86383060585174
"423","CHST4",2.8125087795788,0.00294677168313778,7.37141615680947e-06,1.49185759987991,1.49185759987991
"424","MT1L",3.18731326365872,0.00292744113810841,7.25938157453143e-06,1.67234082072124,1.67234082072124
"425","MT1JP",7.63230675629779,0.00292744113810841,7.25366406739703e-06,2.93211915704781,2.93211915704781
"426","IGHA1",12.7041207387649,0.00270972326636126,6.60160545185029e-06,3.66722462378358,3.66722462378358
"427","MASP1",2.46561232141219,0.00263574026350984,6.36402961040616e-06,1.3019459765678,1.3019459765678
"428","GNMT",3.41018109829769,0.00262697969409634,6.28573406313837e-06,1.7698483558707,1.7698483558707
"429","OIT3",3.85425099999903,0.00262697969409634,6.23662983922912e-06,1.94645052717659,1.94645052717659
"430","IGHA1",10.5212705815256,0.00260854522780022,6.12814070743983e-06,3.39523703440146,3.39523703440146
"431","MT1E",2.76317402118806,0.00258144488546311,6.00832251684835e-06,1.46632642411173,1.46632642411173
"432","MT1F",5.92219308359169,0.00236441348952852,5.45174954080796e-06,2.56613152803643,2.56613152803643
"433","AK3",2.65559405559977,0.00234661108995345,5.35965727932464e-06,1.40903462758338,1.40903462758338
"434","EPHA2",3.86819112124894,0.00226210426411346,5.06823151491531e-06,1.95165907787221,1.95165907787221
"435","IGF1",2.22433457073248,0.00225383867594167,5.00068617736993e-06,1.15337380570243,1.15337380570243
"436","PLVAP",0.243238875206261,0.00190852800209104,4.15150091814809e-06,-2.03955427159435,2.03955427159435
"437","CD4",4.39107225622058,0.00166708788270625,3.5537851845735e-06,2.13457327457683,2.13457327457683
"438","TACSTD2",2.74134637434019,0.00161226525320378,3.40184741931537e-06,1.45488462694944,1.45488462694944
"439","IGFBP3",6.43649226424977,0.00158171672334118,3.30298454365163e-06,2.68627466789381,2.68627466789381
"440","HAMP",11.3810563277212,0.00157973761822811,3.26448868293028e-06,3.50856256184996,3.50856256184996
"441","PHGDH",4.92783029397881,0.00155181265510197,3.1730268332808e-06,2.30095257294617,2.30095257294617
"442","SRPX",2.38816608235673,0.00142717780924046,2.80519870599072e-06,1.25590317071523,1.25590317071523
"443","JUN",4.61570040346591,0.00142717780924046,2.84068446942953e-06,2.20654958436875,2.20654958436875
"444","ADRA1A",2.13764306783812,0.00134103660670382,2.59619459663796e-06,1.09602097969601,1.09602097969601
"445","CCL4",2.25273129900502,0.00122032986875322,2.26807578496135e-06,1.17167524224122,1.17167524224122
"446","FCN3",4.5799053838239,0.00122032986875322,2.28985476602439e-06,2.19531779402134,2.19531779402134
"447","EGR1",7.1918487031581,0.00122032986875322,2.33328740084637e-06,2.84636267081072,2.84636267081072
"448","LY6E",8.65971441736259,0.00122032986875322,2.33596598908647e-06,3.11431944811039,3.11431944811039
"449","MT1E",2.26607679261164,0.00114490198394395,2.09196394873601e-06,1.18019675190987,1.18019675190987
"450","IGHA1",12.0262352220961,0.00114477102930325,2.06682318437679e-06,3.58811317659758,3.58811317659758
"451","MT1E",6.02954986801377,0.00106662763594837,1.90253776533034e-06,2.59205030271839,2.59205030271839
"452","LY6E",2.19335843706311,0.00101591744168175,1.78998766153793e-06,1.13314159546696,1.13314159546696
"453","ZFP36",2.32249926526857,0.000982821508575205,1.7102958471682e-06,1.21567814020597,1.21567814020597
"454","FPR1",2.89391586073619,0.000982821508575205,1.70271511201747e-06,1.53302297678903,1.53302297678903
"455","IGLV1-51",2.03108362700889,0.000934109402452523,1.58488935420031e-06,1.02224964179419,1.02224964179419
"456","IGHV5-51",3.00480970685476,0.000934109402452523,1.57947154333371e-06,1.58727362865032,1.58727362865032
"457","IGHV5-51",3.0048579401526,0.000934109402452523,1.57916444543105e-06,1.58729678664963,1.58729678664963
"458","ECM1",3.41886972421889,0.000925957054172724,1.49544046479377e-06,1.77351945002952,1.77351945002952
"459","AADAT",2.14322682518195,0.00080312814229559,1.27530571625289e-06,1.09978454355066,1.09978454355066
"460","MT1F",3.07712431950579,0.00080312814229559,1.2696116442612e-06,1.62158273145545,1.62158273145545
"461","PLAC8",2.098946944776,0.000684104083373091,1.03360178871359e-06,1.06966569999075,1.06966569999075
"462","MT1F",6.32051725219626,0.000684104083373091,1.04166200809441e-06,2.66004262907369,2.66004262907369
"463","MT1B",3.09679739580228,0.000598885961188792,8.85848894127683e-07,1.63077699953416,1.63077699953416
"464","DCN",11.5250682684144,0.000592918142262327,8.64124152344381e-07,3.52670339133037,3.52670339133037
"465","CYP1A2",2.56049047859487,0.000541678068685305,7.77663632933745e-07,1.35642019431059,1.35642019431059
"466","EGR1",3.17290919283605,0.000464220056377639,6.56362648232545e-07,1.66580623259505,1.66580623259505
"467","LOC105378356",3.32836604525265,0.000462898645917184,6.44425157458883e-07,1.73481410614444,1.73481410614444
"468","RBP7",0.269681378085479,0.000462898645917184,6.42279397222723e-07,-1.89067219018915,1.89067219018915
"469","CRHBP",5.319936931362,0.000404131776927606,5.4503110957782e-07,2.41140914246507,2.41140914246507
"470","PLSCR4",2.72271534531779,0.000401936976568909,5.27235753278177e-07,1.44504615925831,1.44504615925831
"471","IGFBP3",3.4736195302466,0.000401936976568909,5.3332801641659e-07,1.79643974256694,1.79643974256694
"472","CCL3",2.50868507059629,0.000383557885778316,4.92254312645102e-07,1.32693137245847,1.32693137245847
"473","DNASE1L3",2.91967609382256,0.000383557885778316,4.86236477859059e-07,1.54580832672319,1.54580832672319
"474","LY6E",6.15853573285174,0.000275741446154276,3.35889693392488e-07,2.62258737331162,2.62258737331162
"475","ZFP36L1",2.54960517740851,0.000267477999303816,3.20005437259852e-07,1.35027385386992,1.35027385386992
"476","FOSB",4.01005897294185,0.000249011197391476,2.92495533349424e-07,2.0036234534745,2.0036234534745
"477","PTH1R",3.14507007570547,0.000238340843221909,2.74777357756051e-07,1.65309216233397,1.65309216233397
"478","MT1F",2.9673617369195,0.000215415125396468,2.43661065879586e-07,1.56918080961187,1.56918080961187
"479","DUSP2",3.34572327199019,0.000208940590825226,2.31792615768001e-07,1.74231812360774,1.74231812360774
"480","FOS",2.56155340901664,0.00020893081065088,2.27237025418603e-07,1.35701897265141,1.35701897265141
"481","LOC107984936",5.63537001225718,0.00020893081065088,2.26923596580164e-07,2.49451033929249,2.49451033929249
"482","MT1M",9.30417433733714,0.00020893081065088,2.26795201507812e-07,3.21787812962017,3.21787812962017
"483","MT1H",4.85092370240429,0.000172444182074545,1.72549212029693e-07,2.27825948832914,2.27825948832914
"484","MT1E",11.517883287966,0.000172444182074545,1.7225039428137e-07,3.52580370311357,3.52580370311357
"485","ECM1",2.81529887105835,0.000169034584913241,1.61783732188781e-07,1.49328808639289,1.49328808639289
"486","ECM1",3.24714339552999,0.000155222246318783,1.44650655786727e-07,1.69917109618916,1.69917109618916
"487","MT1H",11.1339605522314,0.000155222246318783,1.45187431299654e-07,3.47689497172531,3.47689497172531
"488","LINC01093",3.30033299885792,0.000133887973993851,1.19407616239187e-07,1.72261159767215,1.72261159767215
"489","COLEC10",2.67864610894917,0.000111413894221124,9.69406545037188e-08,1.42150399118819,1.42150399118819
"490","MT1G",25.0987143333037,9.57926255999826e-05,8.12649525450126e-08,4.64954155976172,4.64954155976172
"491","CLEC4G",2.96562390752236,8.91152389745248e-05,7.1723306405147e-08,1.56833565067331,1.56833565067331
"492","MT1HL1",3.47483522495557,6.15280248983385e-05,4.81816953001868e-08,1.79694456754099,1.79694456754099
"493","HAMP",5.04933995875566,4.75126267787626e-05,3.61729299847013e-08,2.33609481351497,2.33609481351497
"494","LY6E",2.87744051070124,4.63067217018446e-05,3.42475536818654e-08,1.52478610184022,1.52478610184022
"495","MT1F",16.4705492827659,4.07825332613611e-05,2.92748542074506e-08,4.04181676375299,4.04181676375299
"496","CLEC1B",2.28214893159986,3.11249896045446e-05,2.16653542883805e-08,1.19039294406721,1.19039294406721
"497","MARCO",2.40960643526684,2.79020031639376e-05,1.88149764657197e-08,1.26879752809192,1.26879752809192
"498","MT1H",4.4712821468616,1.88244633947399e-05,1.22843013539153e-08,2.16068858570048,2.16068858570048
"499","MT1G",4.52780722741384,1.83709443228798e-05,1.15887363039135e-08,2.17881253635568,2.17881253635568
"500","MT1H",14.2039368193856,1.40408534938796e-05,8.55181192527255e-09,3.82821894311291,3.82821894311291
"501","COLEC10",3.27302381189874,1.13888239499834e-05,6.68881594556581e-09,1.71062409831401,1.71062409831401
"502","GSTT1",5.23219514171175,1.10550546166608e-05,6.25231488804445e-09,2.38741634907944,2.38741634907944
"503","CFP",5.3517326205177,1.06792687182988e-05,5.80748538148157e-09,2.42000603887003,2.42000603887003
"504","HAMP",3.32157345663323,7.78971127768369e-06,4.0666725542593e-09,1.73186681998599,1.73186681998599
"505","FCN2",2.41529869487026,7.40124815695501e-06,3.7028780042192e-09,1.27220161513191,1.27220161513191
"506","IGFBP3",2.67505060048967,5.29109689319439e-06,2.41697195590973e-09,1.41956618137736,1.41956618137736
"507","CETP",3.05550705429096,5.29109689319439e-06,2.30500885045615e-09,1.61141181179859,1.61141181179859
"508","FCN3",4.24094612232227,5.2334119978678e-06,2.16294326893518e-09,2.08438615481546,2.08438615481546
"509","CD5L",9.02007933270085,5.13651147171501e-06,2.01116345799335e-09,3.17314012221578,3.17314012221578
"510","ECM1",2.37767490050326,3.70800701884398e-06,1.35794686606516e-09,1.24955146887045,1.24955146887045
"511","FCN3",9.78137371072656,3.70800701884398e-06,1.37118505438849e-09,3.29003709365191,3.29003709365191
"512","CFP",4.76510248373259,2.5017850958875e-06,8.16296363836955e-10,2.25250724271503,2.25250724271503
"513","MARCO",3.88930021147295,6.72089717725409e-07,1.9005408358197e-10,1.95951059936122,1.95951059936122
"514","CLEC1B",2.75982592138263,6.84310030459172e-08,1.63739022340792e-11,1.46457727052578,1.46457727052578
"515","CXCL14",3.82622655007774,3.84957857590962e-08,8.37374614093278e-12,1.93592229788615,1.93592229788615
"516","MARCO",3.49044330359312,4.17840695376981e-09,8.18012324543815e-13,1.80341027748953,1.80341027748953
"517","GDF2",5.19953229100847,4.17840695376981e-09,8.01803068384288e-13,2.37838185560183,2.37838185560183
"518","CXCL14",4.61416310766018,2.87131804047444e-09,4.37205827097387e-13,2.20606900325222,2.20606900325222
"519","MARCO",3.74972242040519,1.70130576293559e-10,2.22044604925031e-14,1.90678380160132,1.90678380160132
"520","MARCO",3.22186735081977,1.2045244801584e-10,1.31006316905768e-14,1.68789709731761,1.68789709731761
"521","CLEC4G",12.4259007831482,8.93185525541185e-12,7.7715611723761e-16,3.63527853486613,3.63527853486613
"522","CLEC4G",3.01147635874673,3.40261152587118e-12,2.22044604925031e-16,1.59047093325173,1.59047093325173
"523","MARCO",12.4606547464222,3.40261152587118e-12,2.22044604925031e-16,3.63930797180456,3.63930797180456
"524","FCN2",8.66814250808725,0,0,3.11572287216956,3.11572287216956
